id,key,value,type
31479671,created_by,JOSM,unspecified
75424164,source,tiger:boundaries,unspecified
75424346,source,tiger:boundaries,unspecified
75424682,source,tiger:boundaries,unspecified
75425099,source,tiger:boundaries,unspecified
104065626,power,tower,unspecified
104195035,railway,level_crossing,unspecified
104348999,railway,level_crossing,unspecified
104358378,highway,stop,unspecified
104464817,highway,turning_circle,unspecified
104532811,highway,turning_circle,unspecified
104539043,highway,traffic_signals,unspecified
104541417,highway,traffic_signals,unspecified
104547872,highway,traffic_signals,unspecified
104560303,highway,turning_circle,unspecified
104563106,highway,turning_circle,unspecified
104566771,highway,traffic_signals,unspecified
104591991,source,bing,unspecified
104597093,highway,turning_circle,unspecified
104625944,highway,stop,unspecified
104641780,highway,traffic_signals,unspecified
104651868,odbl,clean,unspecified
104652224,odbl,clean,unspecified
104662937,highway,turning_circle,unspecified
104676505,fixme,"I think they updated this intersection and added a signal, but I'm unsure.",unspecified
104677115,odbl,clean,unspecified
104706933,odbl,clean,unspecified
104708835,highway,traffic_signals,unspecified
104715967,highway,turning_circle,unspecified
104721730,odbl,clean,unspecified
104724564,odbl,clean,unspecified
104736491,foot,permissive,unspecified
104738928,highway,turning_circle,unspecified
104804001,odbl,clean,unspecified
104808940,source,Bing,unspecified
104817774,highway,turning_circle,unspecified
104822199,source,bing,unspecified
104824604,highway,traffic_signals,unspecified
104825430,highway,traffic_signals,unspecified
104829569,highway,traffic_signals,unspecified
104838003,odbl,clean,unspecified
104844056,highway,traffic_signals,unspecified
104854794,source,bing,unspecified
104894055,highway,traffic_signals,unspecified
104905356,odbl,clean,unspecified
104910139,odbl,clean,unspecified
104929553,highway,crossing,unspecified
104933188,odbl,clean,unspecified
104936228,odbl,clean,unspecified
104951142,highway,stop,unspecified
104976812,source,bing,unspecified
104982341,odbl,clean,unspecified
104983922,highway,turning_circle,unspecified
105000503,highway,turning_circle,unspecified
105019209,highway,turning_circle,unspecified
105060960,highway,traffic_signals,unspecified
105069923,highway,traffic_signals,unspecified
105078767,highway,turning_circle,unspecified
105123074,highway,traffic_signals,unspecified
105158289,highway,traffic_signals,unspecified
105189430,source,bing,unspecified
105209877,highway,turning_circle,unspecified
105210322,odbl,clean,unspecified
105229391,highway,turning_circle,unspecified
105232970,highway,traffic_signals,unspecified
105256845,odbl,clean,unspecified
105710665,highway,turning_circle,unspecified
105736746,highway,traffic_signals,unspecified
105739862,odbl,clean,unspecified
105751844,highway,traffic_signals,unspecified
105756627,highway,turning_circle,unspecified
105825948,source,bing,unspecified
105841837,highway,traffic_signals,unspecified
105846026,odbl,clean,unspecified
105890455,highway,turning_circle,unspecified
105891626,highway,turning_circle,unspecified
105929113,highway,turning_circle,unspecified
105961484,highway,turning_circle,unspecified
105978217,highway,traffic_signals,unspecified
105994112,highway,traffic_signals,unspecified
106008348,highway,turning_circle,unspecified
106028905,source,bing,unspecified
106047840,odbl,clean,unspecified
106066722,odbl,clean,unspecified
106119007,odbl,clean,unspecified
106131788,highway,traffic_signals,unspecified
106332026,highway,traffic_signals,unspecified
107481563,highway,turning_circle,unspecified
107481986,odbl,clean,unspecified
107486975,odbl,clean,unspecified
107494979,odbl,clean,unspecified
107499348,odbl,clean,unspecified
107507397,odbl,clean,unspecified
107533988,highway,turning_circle,unspecified
107624315,highway,crossing,unspecified
107625326,highway,turning_circle,unspecified
107653462,highway,traffic_signals,unspecified
107668437,source,bing,unspecified
107689757,highway,turning_circle,unspecified
107744381,odbl,clean,unspecified
108651110,odbl,clean,unspecified
108718091,highway,stop,unspecified
108765658,power,tower,unspecified
108790926,power,tower,unspecified
108792093,ref,51A,unspecified
108818426,ref,49,unspecified
108853786,power,tower,unspecified
108909224,highway,turning_circle,unspecified
108955214,odbl,clean,unspecified
108955976,odbl,clean,unspecified
108999331,odbl,clean,unspecified
109009272,odbl,clean,unspecified
109034188,source,bing,unspecified
109061245,odbl,clean,unspecified
109079004,odbl,clean,unspecified
109087994,highway,turning_circle,unspecified
109132524,odbl,clean,unspecified
109132993,source,Bing,unspecified
109154402,odbl,clean,unspecified
109192692,highway,turning_circle,unspecified
109195948,highway,traffic_signals,unspecified
109238744,highway,turning_circle,unspecified
109239585,odbl,clean,unspecified
109250533,odbl,clean,unspecified
109266764,odbl,clean,unspecified
109295424,highway,traffic_signals,unspecified
109327574,highway,motorway_junction,unspecified
109375034,highway,turning_circle,unspecified
109418350,odbl,clean,unspecified
109422461,highway,turning_circle,unspecified
109425295,odbl,clean,unspecified
109496581,odbl,clean,unspecified
109533710,odbl,clean,unspecified
109637773,highway,turning_circle,unspecified
109652104,highway,turning_circle,unspecified
114133690,created_by,JOSM,unspecified
114135541,created_by,JOSM,unspecified
114135789,created_by,JOSM,unspecified
114136045,created_by,JOSM,unspecified
114136208,created_by,JOSM,unspecified
114136402,created_by,JOSM,unspecified
114136588,created_by,JOSM,unspecified
114136790,created_by,JOSM,unspecified
114147248,created_by,JOSM,unspecified
114147904,created_by,JOSM,unspecified
114149487,created_by,JOSM,unspecified
114149876,created_by,JOSM,unspecified
148218728,power,tower,unspecified
148219148,noexit,yes,unspecified
148227600,highway,traffic_signals,unspecified
148239245,highway,traffic_signals,unspecified
148240847,odbl,clean,unspecified
148242340,odbl,clean,unspecified
148245353,highway,traffic_signals,unspecified
148248579,odbl,clean,unspecified
148249530,odbl,clean,unspecified
148249589,odbl,clean,unspecified
148260462,odbl,clean,unspecified
148262592,noexit,yes,unspecified
148270053,odbl,clean,unspecified
148272171,odbl,clean,unspecified
148272230,odbl,clean,unspecified
148275068,highway,traffic_signals,unspecified
148279170,highway,traffic_signals,unspecified
148286164,highway,traffic_signals,unspecified
148296487,odbl,clean,unspecified
148303145,odbl,clean,unspecified
148305328,odbl,clean,unspecified
148305501,highway,traffic_signals,unspecified
148324811,odbl,clean,unspecified
148348091,odbl,clean,unspecified
148362101,odbl,clean,unspecified
148372210,odbl,clean,unspecified
148379651,odbl,clean,unspecified
148379715,odbl,clean,unspecified
148379802,odbl,clean,unspecified
148379892,odbl,clean,unspecified
148379984,odbl,clean,unspecified
148380084,odbl,clean,unspecified
148380193,odbl,clean,unspecified
148380263,odbl,clean,unspecified
148380984,railway,level_crossing,unspecified
148390440,highway,turning_circle,unspecified
148394338,odbl,clean,unspecified
148412906,odbl,clean,unspecified
148416340,highway,turning_circle,unspecified
153839012,ele,351,unspecified
153864451,ele,367,unspecified
153900124,ele,333,unspecified
153922250,ele,285,unspecified
153946953,ele,423,unspecified
153971596,ele,376,unspecified
153994990,ele,327,unspecified
154028076,ele,357,unspecified
154060882,ele,320,unspecified
154086517,ele,291,unspecified
154113695,ele,243,unspecified
154142188,ele,234,unspecified
154173091,ele,356,unspecified
154194455,ele,202,unspecified
154294913,ele,404,unspecified
154313838,ele,308,unspecified
154333989,ele,221,unspecified
154360816,ele,306,unspecified
154383898,ele,357,unspecified
154709251,highway,traffic_signals,unspecified
155750760,name,4 Hyde Park Drive,unspecified
157546052,ele,263,unspecified
157568392,ele,259,unspecified
157586878,ele,370,unspecified
157623090,ele,357,unspecified
157642135,ele,299,unspecified
158240063,ele,278,unspecified
158261752,ele,359,unspecified
158287142,ele,291,unspecified
158299079,ele,250,unspecified
158322435,ele,261,unspecified
158348430,ele,322,unspecified
158365143,ele,246,unspecified
158384921,ele,235,unspecified
158412430,ele,242,unspecified
158444948,ele,255,unspecified
158477381,ele,288,unspecified
158498457,ele,333,unspecified
158521080,ele,332,unspecified
158540748,ele,327,unspecified
158568111,ele,290,unspecified
158580506,ele,249,unspecified
158589423,ele,271,unspecified
158604803,ele,316,unspecified
158620087,ele,389,unspecified
158632447,ele,362,unspecified
158650454,ele,320,unspecified
198013990,highway,turning_circle,unspecified
198015603,highway,turning_circle,unspecified
198017666,railway,level_crossing,unspecified
200698049,odbl,clean,unspecified
200708023,highway,traffic_signals,unspecified
200708161,highway,traffic_signals,unspecified
200709774,highway,turning_circle,unspecified
200728024,power,tower,unspecified
200728158,power,tower,unspecified
200732046,highway,turning_circle,unspecified
200736707,power,tower,unspecified
200742106,highway,turning_circle,unspecified
200754246,railway,level_crossing,unspecified
200762715,railway,level_crossing,unspecified
200770971,highway,traffic_signals,unspecified
200776285,highway,traffic_signals,unspecified
200801562,highway,turning_circle,unspecified
200802076,highway,turning_circle,unspecified
200814194,railway,level_crossing,unspecified
200822994,highway,turning_circle,unspecified
200836102,highway,turning_circle,unspecified
200840168,odbl,clean,unspecified
200840367,railway,level_crossing,unspecified
200840450,odbl,clean,unspecified
200842161,railway,level_crossing,unspecified
200867250,highway,turning_circle,unspecified
200873244,highway,turning_circle,unspecified
200900481,highway,turning_circle,unspecified
200911733,highway,turning_circle,unspecified
200914566,railway,level_crossing,unspecified
200921475,highway,turning_circle,unspecified
200929532,highway,turning_circle,unspecified
200939126,highway,traffic_signals,unspecified
205497672,created_by,JOSM,unspecified
205497710,created_by,JOSM,unspecified
205497748,created_by,JOSM,unspecified
205516152,created_by,JOSM,unspecified
205519283,created_by,JOSM,unspecified
205520474,created_by,JOSM,unspecified
216036820,created_by,JOSM,unspecified
216037150,created_by,JOSM,unspecified
263547930,source,county_import_v0.1,unspecified
263549085,source,county_import_v0.1,unspecified
263550367,source,county_import_v0.1,unspecified
263555275,source,county_import_v0.1,unspecified
263556421,source,county_import_v0.1,unspecified
263559357,source,county_import_v0.1,unspecified
263560931,source,county_import_v0.1,unspecified
263562925,source,county_import_v0.1,unspecified
263563650,source,county_import_v0.1,unspecified
263564618,source,county_import_v0.1,unspecified
263565450,source,county_import_v0.1,unspecified
266251635,odbl,clean,unspecified
267030399,odbl,clean,unspecified
267057797,odbl,clean,unspecified
267063768,odbl,clean,unspecified
271192006,source,survey,unspecified
271197750,highway,traffic_signals,unspecified
305543498,odbl,clean,unspecified
305666148,odbl,clean,unspecified
306074216,highway,traffic_signals,unspecified
306265993,ref,38A,unspecified
312090509,ref,65,unspecified
312132796,highway,turning_circle,unspecified
356516283,ele,210,unspecified
356519235,ele,348,unspecified
356522738,ele,224,unspecified
356527704,ele,240,unspecified
356527769,ele,223,unspecified
356527834,ele,205,unspecified
356533123,ele,388,unspecified
356533261,ele,205,unspecified
356538641,ele,220,unspecified
357276639,ele,276,unspecified
357277730,ele,304,unspecified
357279576,ele,303,unspecified
357281001,ele,328,unspecified
357282387,ele,389,unspecified
357284247,ele,396,unspecified
357285451,ele,373,unspecified
357287088,amenity,school,unspecified
357288832,ele,408,unspecified
357290799,ele,338,unspecified
357292118,ele,342,unspecified
357294006,ele,331,unspecified
357295465,ele,350,unspecified
357297116,ele,335,unspecified
357298640,ele,345,unspecified
357299746,ele,353,unspecified
357301911,ele,378,unspecified
357302854,ele,295,unspecified
357304380,ele,329,unspecified
357307080,ele,305,unspecified
357307687,ele,354,unspecified
357308350,ele,251,unspecified
357309225,ele,272,unspecified
357309878,ele,360,unspecified
357310796,ele,320,unspecified
357311806,ele,327,unspecified
357312992,ele,585,unspecified
357316168,ele,359,unspecified
357317655,ele,309,unspecified
357319179,ele,310,unspecified
357320644,ele,222,unspecified
357321823,ele,343,unspecified
357324063,ele,392,unspecified
357324365,ele,324,unspecified
357324744,ele,378,unspecified
357325382,ele,334,unspecified
357330581,ele,225,unspecified
357336736,ele,219,unspecified
357338715,ele,349,unspecified
357346569,ele,395,unspecified
357347164,ele,320,unspecified
357349700,ele,274,unspecified
357358111,ele,343,unspecified
357358495,ele,349,unspecified
357358912,ele,276,unspecified
357359223,ele,292,unspecified
357361168,ele,329,unspecified
357361378,ele,259,unspecified
357362028,ele,225,unspecified
357362334,ele,356,unspecified
357364844,ele,228,unspecified
357365117,ele,243,unspecified
357366841,ele,360,unspecified
357368500,ele,365,unspecified
357374715,ele,237,unspecified
357374921,ele,363,unspecified
357375042,ele,229,unspecified
357375199,ele,351,unspecified
357375332,ele,302,unspecified
357375436,ele,311,unspecified
357375576,ele,280,unspecified
357375680,ele,363,unspecified
357375763,ele,283,unspecified
357375864,ele,339,unspecified
357376151,ele,236,unspecified
357376350,ele,252,unspecified
357376587,ele,343,unspecified
357376702,ele,305,unspecified
357376870,ele,231,unspecified
357376960,ele,260,unspecified
357377053,ele,367,unspecified
357377154,ele,324,unspecified
357377289,ele,239,unspecified
357377391,ele,245,unspecified
357377500,ele,345,unspecified
357377615,ele,358,unspecified
357377735,ele,356,unspecified
357377864,ele,299,unspecified
357377966,ele,341,unspecified
357378370,ele,235,unspecified
357378634,ele,225,unspecified
357378820,ele,310,unspecified
357379049,ele,335,unspecified
357379212,ele,317,unspecified
357379393,ele,403,unspecified
357394094,ele,345,unspecified
357410647,ele,216,unspecified
357429904,ele,319,unspecified
357465047,ele,331,unspecified
357469065,ele,348,unspecified
357492163,ele,303,unspecified
357508160,ele,223,unspecified
357511548,ele,230,unspecified
357519236,ele,389,unspecified
357525582,ele,262,unspecified
361332639,odbl,clean,unspecified
364177034,odbl,clean,unspecified
365789019,url,http://stores.lowes.com/lowes/cgi/site?site=2417,unspecified
367958003,ele,221,unspecified
367958173,ele,242,unspecified
367959681,ele,342,unspecified
367960265,ele,261,unspecified
367960709,ele,310,unspecified
367960905,ele,373,unspecified
367961516,ele,225,unspecified
367963823,ele,240,unspecified
367964200,ele,227,unspecified
367964323,ele,357,unspecified
367964609,ele,336,unspecified
367964863,ele,305,unspecified
367964991,ele,277,unspecified
367965676,ele,299,unspecified
367966239,ele,329,unspecified
367966534,ele,366,unspecified
367966752,ele,234,unspecified
367966974,ele,336,unspecified
367967610,ele,310,unspecified
367968802,ele,242,unspecified
367970343,ele,303,unspecified
367971002,ele,241,unspecified
367972259,ele,349,unspecified
367973755,ele,227,unspecified
367974116,ele,309,unspecified
368151985,ele,217,unspecified
368989182,ele,346,unspecified
368990460,ele,346,unspecified
393217165,access,customers,unspecified
393508147,city,Pittsburgh,addr
394967754,name,Starbucks,unspecified
424032934,amenity,bicycle_parking,unspecified
442643561,ref,36A,unspecified
443943750,ref,54,unspecified
512384896,highway,turning_circle,unspecified
522938983,highway,traffic_signals,unspecified
585382740,name,Brandywine Stone,unspecified
625720690,highway,turning_circle,unspecified
675084755,railway,level_crossing,unspecified
683661209,ref,69A,unspecified
683730063,highway,traffic_signals,unspecified
683791752,source,bing,unspecified
684907382,ref,1D,unspecified
684996060,highway,traffic_signals,unspecified
685106682,highway,traffic_signals,unspecified
687460465,railway,level_crossing,unspecified
688402516,highway,traffic_signals,unspecified
688402635,highway,traffic_signals,unspecified
689934347,highway,traffic_signals,unspecified
691589442,railway,level_crossing,unspecified
695712112,highway,traffic_signals,unspecified
697162599,highway,traffic_signals,unspecified
703035018,highway,traffic_signals,unspecified
703080790,exit_to,Weigh Station,unspecified
715064067,highway,traffic_signals,unspecified
715153212,highway,traffic_signals,unspecified
715419015,highway,traffic_signals,unspecified
737165669,power,tower,unspecified
758587935,barrier,gate,unspecified
794507069,source,Yahoo,unspecified
795888474,power,tower,unspecified
809455519,railway,level_crossing,unspecified
810373130,source,bing,unspecified
824070982,highway,traffic_signals,unspecified
830820731,name,Jefferson Hills Toll Plaza,unspecified
835081831,street,Kittanning Pike,addr
835469421,street,Kittanning Pike,addr
838307670,street,Kirkwall Dr,addr
838311462,street,Glengary Dr,addr
838320232,street,Douglas Dr,addr
842889064,street,Robinhood Rd,addr
842889100,street,Ravencrest Rd,addr
859635529,odbl,clean,unspecified
859885580,highway,traffic_signals,unspecified
860386289,odbl,clean,unspecified
860481450,odbl,clean,unspecified
860700098,ref,9,unspecified
862524664,street,Selvin Dr,addr
862524845,street,Selvin Dr,addr
919317888,highway,stop,unspecified
988411646,highway,stop,unspecified
1039921449,power,tower,unspecified
1039958037,power,tower,unspecified
1039958131,power,tower,unspecified
1039958251,power,tower,unspecified
1039984946,power,tower,unspecified
1039985208,power,tower,unspecified
1039985417,power,tower,unspecified
1040008383,power,tower,unspecified
1040008451,power,tower,unspecified
1040827162,power,tower,unspecified
1040827276,power,tower,unspecified
1040852950,power,tower,unspecified
1041622575,power,tower,unspecified
1041622916,power,tower,unspecified
1041649576,power,tower,unspecified
1042142704,name,Armstrong County Memorial Hospital Heliport,unspecified
1043847609,power,tower,unspecified
1044590908,power,tower,unspecified
1044637863,power,tower,unspecified
1044638110,power,tower,unspecified
1045129736,power,tower,unspecified
1046287830,power,tower,unspecified
1046288101,power,tower,unspecified
1046288483,power,tower,unspecified
1046328019,power,tower,unspecified
1046358971,power,tower,unspecified
1046433016,power,tower,unspecified
1046433062,power,tower,unspecified
1046534809,power,tower,unspecified
1046592928,power,tower,unspecified
1046593072,power,tower,unspecified
1046632818,power,tower,unspecified
1046695891,power,tower,unspecified
1048067671,power,tower,unspecified
1048126999,power,tower,unspecified
1048127283,power,tower,unspecified
1048127557,power,tower,unspecified
1048229325,power,tower,unspecified
1048229572,power,tower,unspecified
1049881758,power,tower,unspecified
1049881875,power,tower,unspecified
1049881933,power,tower,unspecified
1049894285,power,tower,unspecified
1049894488,power,tower,unspecified
1049939501,power,tower,unspecified
1049939798,power,tower,unspecified
1049939889,power,tower,unspecified
1142680785,power,tower,unspecified
1142716186,power,tower,unspecified
1142716268,power,tower,unspecified
1142792373,power,tower,unspecified
1142792625,power,tower,unspecified
1142792892,power,tower,unspecified
1142793155,power,tower,unspecified
1142793357,power,tower,unspecified
1142802067,power,tower,unspecified
1142819208,power,tower,unspecified
1142850244,power,tower,unspecified
1142850442,power,tower,unspecified
1142887795,power,tower,unspecified
1142887899,power,tower,unspecified
1142888069,power,tower,unspecified
1142987115,power,tower,unspecified
1142987194,power,tower,unspecified
1142987279,power,tower,unspecified
1142987379,power,tower,unspecified
1142987546,power,tower,unspecified
1143045017,power,tower,unspecified
1143045054,power,tower,unspecified
1143045089,power,tower,unspecified
1143045125,power,tower,unspecified
1143045160,power,tower,unspecified
1143045240,power,tower,unspecified
1143095922,power,tower,unspecified
1143450485,power,tower,unspecified
1143450622,power,tower,unspecified
1143450807,power,tower,unspecified
1143451111,power,tower,unspecified
1143489147,power,tower,unspecified
1143545745,power,pole,unspecified
1143597328,power,tower,unspecified
1143597442,power,tower,unspecified
1143597533,power,tower,unspecified
1143651749,power,tower,unspecified
1143651879,power,tower,unspecified
1143652023,power,tower,unspecified
1143668968,power,tower,unspecified
1143846087,power,tower,unspecified
1143846153,power,tower,unspecified
1143846363,power,tower,unspecified
1144521303,power,tower,unspecified
1144521512,power,tower,unspecified
1144521696,power,tower,unspecified
1144557737,power,tower,unspecified
1178861673,power,tower,unspecified
1178861764,power,tower,unspecified
1178861799,power,tower,unspecified
1178861836,power,tower,unspecified
1178861884,power,tower,unspecified
1178861919,power,tower,unspecified
1178861954,power,tower,unspecified
1178862013,power,tower,unspecified
1178925496,power,tower,unspecified
1178925614,power,tower,unspecified
1178925659,power,tower,unspecified
1178925706,power,tower,unspecified
1178925925,power,tower,unspecified
1178936518,power,tower,unspecified
1178958774,power,tower,unspecified
1179040877,power,tower,unspecified
1179041022,power,tower,unspecified
1179804308,power,tower,unspecified
1179804454,power,tower,unspecified
1179804917,power,tower,unspecified
1180996913,name,Landmark Bar,unspecified
1181057606,name,Pizza Hut Parking,unspecified
1205656400,power,tower,unspecified
1205656459,power,tower,unspecified
1205656502,power,tower,unspecified
1205656546,power,tower,unspecified
1205656588,power,tower,unspecified
1205874701,power,tower,unspecified
1205888261,power,tower,unspecified
1206075514,power,tower,unspecified
1206075707,power,tower,unspecified
1206075968,power,tower,unspecified
1214351212,name,Hofbr√§uhaus,unspecified
1228668162,name,Sweetwater Center for the Arts,unspecified
1235361545,highway,turning_circle,unspecified
1252119179,highway,crossing,unspecified
1252119214,source,bing,unspecified
1259187079,highway,turning_circle,unspecified
1261616817,highway,crossing,unspecified
1284981049,shop,car_repair,unspecified
1288004768,power,tower,unspecified
1288004846,power,tower,unspecified
1288004908,power,tower,unspecified
1288004977,power,tower,unspecified
1288032773,power,tower,unspecified
1288032829,power,tower,unspecified
1288079437,highway,crossing,unspecified
1288079545,power,tower,unspecified
1288148953,power,tower,unspecified
1288149029,power,tower,unspecified
1288149147,power,tower,unspecified
1288176950,power,tower,unspecified
1288177032,power,tower,unspecified
1288282443,power,tower,unspecified
1288282483,power,tower,unspecified
1288282519,power,tower,unspecified
1288304526,power,tower,unspecified
1288304561,power,tower,unspecified
1288304596,power,tower,unspecified
1288311960,power,tower,unspecified
1288703355,power,tower,unspecified
1288703420,power,tower,unspecified
1288703488,power,tower,unspecified
1288703555,power,tower,unspecified
1288727869,power,tower,unspecified
1307334123,name,Gateway Center,unspecified
1323944646,power,pole,unspecified
1342234145,highway,turning_circle,unspecified
1365531446,highway,turning_circle,unspecified
1371543226,amenity,police,unspecified
1371572647,name,Silk Elephant,unspecified
1371572683,atm,yes,unspecified
1372569714,name,Wendy's,unspecified
1372688800,name,Kmart,unspecified
1394101835,shop,laundry,unspecified
1435807103,source,bing,unspecified
1437002624,source,bing,unspecified
1438823624,highway,crossing,unspecified
1443673934,source,bing,unspecified
1443876384,power,tower,unspecified
1447538986,power,pole,unspecified
1447539050,power,pole,unspecified
1460639899,barrier,toll_booth,unspecified
1512597186,highway,traffic_signals,unspecified
1531181119,amenity,toilets,unspecified
1544940561,source,county_import_v0.1,unspecified
1556990693,highway,traffic_signals,unspecified
1572289734,highway,traffic_signals,unspecified
1598833936,highway,traffic_signals,unspecified
1603495553,highway,turning_circle,unspecified
1612612134,highway,turning_circle,unspecified
1613799880,highway,turning_circle,unspecified
1622219229,highway,traffic_signals,unspecified
1631861007,highway,turning_circle,unspecified
1634483014,highway,turning_circle,unspecified
1666922240,name,Stephen Foster Memorial Museum,unspecified
1669935344,name,Pizza Joe's,unspecified
1670416740,highway,turning_circle,unspecified
1671342254,name,Beaver County Christian School,unspecified
1673979110,name,Pennsylvania Wine & Spirits Store,unspecified
1687152057,highway,turning_circle,unspecified
1690092242,highway,crossing,unspecified
1692814508,highway,turning_circle,unspecified
1693485188,highway,turning_circle,unspecified
1693988842,barrier,lift_gate,unspecified
1700011073,power,tower,unspecified
1700011129,power,tower,unspecified
1700555166,highway,traffic_signals,unspecified
1700612735,highway,turning_circle,unspecified
1706579303,building,yes,unspecified
1733261203,power,tower,unspecified
1739956488,highway,turning_circle,unspecified
1750939638,source,bing,unspecified
1752500770,source,bing,unspecified
1753896461,source,bing,unspecified
1758361782,source,bing,unspecified
1759663205,source,bing,unspecified
1759663292,source,bing,unspecified
1760770784,source,bing,unspecified
1768578989,source,bing,unspecified
1770431419,railway,level_crossing,unspecified
1771310830,highway,turning_circle,unspecified
1772714643,highway,turning_circle,unspecified
1773363550,power,tower,unspecified
1773642074,power,tower,unspecified
1777977436,source,bing,unspecified
1779178425,source,bing,unspecified
1788954317,source,survey,unspecified
1798223919,source,bing,unspecified
1800038511,power,tower,unspecified
1808934882,source,survey,unspecified
1811117039,name,Sheetz,unspecified
1816687416,FIXME,continue?,unspecified
1819656588,power,tower,unspecified
1820993624,source,bing,unspecified
1824122310,highway,stop,unspecified
1829759974,highway,traffic_signals,unspecified
1835579476,source,Bing,unspecified
1838826724,name,Oliverio Hair & Nails,unspecified
1865192756,power,tower,unspecified
1865192791,power,tower,unspecified
1865192826,power,tower,unspecified
1865192862,power,tower,unspecified
1865192936,power,tower,unspecified
1865192971,power,tower,unspecified
1865193014,power,tower,unspecified
1888589537,amenity,bank,unspecified
1905889241,power,tower,unspecified
1906073941,power,switch,unspecified
1906074106,power,tower,unspecified
1906074590,power,tower,unspecified
1906074801,power,tower,unspecified
1906074933,power,tower,unspecified
1906075052,power,tower,unspecified
1906075126,power,tower,unspecified
1906202060,power,tower,unspecified
1906202095,power,tower,unspecified
1906202130,power,tower,unspecified
1906202241,power,tower,unspecified
1913580672,power,tower,unspecified
1913580829,power,tower,unspecified
1913580883,power,tower,unspecified
1913580938,power,tower,unspecified
1913767017,power,tower,unspecified
1913767052,power,tower,unspecified
1941172133,highway,turning_circle,unspecified
1942314669,source,bing,unspecified
1945453850,highway,turning_circle,unspecified
1948619070,name,Essex Beer Distributors,unspecified
1956012934,highway,turning_circle,unspecified
1958499430,highway,turning_circle,unspecified
1958545669,highway,turning_circle,unspecified
1967862290,support,pier,bridge
1978955992,source,bing,unspecified
1978968310,source,bing,unspecified
1979682163,source,bing,unspecified
1979682255,source,bing,unspecified
1981208283,source,bing,unspecified
1981241439,source,bing,unspecified
1981544121,name,Automatic Manufacturing,unspecified
1981640338,source,bing,unspecified
1981640567,source,bing,unspecified
1981686960,source,bing,unspecified
1983649741,source,bing,unspecified
1985248355,source,bing,unspecified
1987482677,source,bing,unspecified
1990310406,sport,swimming,unspecified
1991354787,source,bing,unspecified
1993098048,source,bing,unspecified
1995712049,source,bing,unspecified
1996787720,source,bing,unspecified
1998235229,source,bing,unspecified
2004760160,source,bing,unspecified
2006134297,source,bing,unspecified
2007470162,source,bing,unspecified
2009186129,source,bing,unspecified
2010148865,barrier,gate,unspecified
2014086048,source,bing,unspecified
2014435213,name,E2,unspecified
2015325725,source,bing,unspecified
2015422407,mooring,commercial,unspecified
2030909519,highway,turning_circle,unspecified
2034813754,source,bing,unspecified
2036028514,highway,stop,unspecified
2076767605,name,White Oak Police Dept.,unspecified
2103462165,amenity,drinking_water,unspecified
2126388523,name,Grille on Seventh,unspecified
2131915854,amenity,parking_entrance,unspecified
2184954329,height,305,unspecified
2191536910,highway,traffic_signals,unspecified
2195186076,horse,no,unspecified
2195186377,horse,no,unspecified
2195189646,name,Sam's Club,unspecified
2195287516,name,BrewBurgh,unspecified
2195304812,highway,bus_stop,unspecified
2195304883,highway,traffic_signals,unspecified
2196825530,sport,swimming,unspecified
2196840151,source,bing,unspecified
2206044269,highway,traffic_signals,unspecified
2206214395,highway,crossing,unspecified
2213948603,highway,turning_circle,unspecified
2235167288,highway,turning_circle,unspecified
2235167323,source,bing,unspecified
2283338970,power,tower,unspecified
2288531990,highway,turning_circle,unspecified
2296932025,name,Pizza Hut,unspecified
2303932938,highway,traffic_signals,unspecified
2322365464,power,tower,unspecified
2322365505,power,tower,unspecified
2322365869,power,tower,unspecified
2325525045,name,7-11,unspecified
2325610321,name,Middlesex Township Hall,unspecified
2331766728,name,Staples,unspecified
2333114064,name,Monte Cello's,unspecified
2334057834,name,Hobby Express,unspecified
2336354957,power,tower,unspecified
2336357492,highway,traffic_signals,unspecified
2348649708,name,McBride Station,unspecified
2349332355,name,7-11,unspecified
2352589830,type,pillar,unspecified
2353540933,emergency,fire_hydrant,unspecified
2354230116,name,St John's United Church,unspecified
2358533571,highway,turning_circle,unspecified
2362210146,amenity,waste_basket,unspecified
2362950851,highway,traffic_signals,unspecified
2362951034,highway,stop,unspecified
2368743295,highway,crossing,unspecified
2377489281,city,Pittsburgh,addr
2377532915,street,Fox Pointe Drive,addr
2377543246,city,Pittsburgh,addr
2379657307,street,Marshall,addr
2379664004,city,Pittsburgh,addr
2379695673,street,Meadow Heights,addr
2389996989,amenity,fountain,unspecified
2390026449,name,Rochester Pavilion,unspecified
2398826579,man_made,water_tower,unspecified
2398826945,power,tower,unspecified
2398827050,power,tower,unspecified
2425647838,name,Playground,unspecified
2430015583,name,Kings Family,unspecified
2435543145,name,Pas Jewelers,unspecified
2440705878,name,Korean War Veterans Memorial,unspecified
2472006627,building,residential,unspecified
2500246278,highway,turning_circle,unspecified
2500968650,name,Primanti Bros.,unspecified
2501011743,name,Rite Aid,unspecified
2501937312,name,La Eda's,unspecified
2501984599,highway,turning_circle,unspecified
2502383464,power,tower,unspecified
2502405690,name,Al's Cafe,unspecified
2502413247,name,Home Depot,unspecified
2502827784,power,tower,unspecified
2502967808,power,tower,unspecified
2503424784,name,Sam's Club,unspecified
2504360612,power,tower,unspecified
2504461594,power,tower,unspecified
2505345089,name,Target,unspecified
2509618971,name,GetGo,unspecified
2522845861,highway,turning_circle,unspecified
2524978810,highway,turning_circle,unspecified
2531764517,highway,turning_circle,unspecified
2535485711,railway,level_crossing,unspecified
2540845835,highway,give_way,unspecified
2545526301,amenity,place_of_worship,unspecified
2549862893,power,tower,unspecified
2550005584,power,tower,unspecified
2550393016,highway,crossing,unspecified
2554417530,highway,crossing,unspecified
2559679600,highway,crossing,unspecified
2570203922,name,US Army Reserve Base,unspecified
2610385248,source,bing,unspecified
2619449376,highway,turning_circle,unspecified
2629329298,city,Pittsburgh,addr
2629339431,city,Pittsburgh,addr
2629342254,city,Pittsburgh,addr
2629353352,city,Pittsburgh,addr
2629355717,city,Pittsburgh,addr
2629358022,city,Pittsburgh,addr
2629365326,city,Pittsburgh,addr
2629372646,city,Pittsburgh,addr
2629444509,city,Pittsburgh,addr
2629455112,city,Pittsburgh,addr
2629455147,city,Pittsburgh,addr
2629467123,city,Pittsburgh,addr
2629497447,name,Eat 'n' Park,unspecified
2629567359,city,Fox Chapel,addr
2630144456,city,Pittsburgh,addr
2630178298,city,Pittsburgh,addr
2630187257,city,Pittsburgh,addr
2630204118,city,Pittsburgh,addr
2630218530,city,Pittsburgh,addr
2630245642,city,Pittsburgh,addr
2630269227,city,Pittsburgh,addr
2630449615,city,Pittsburgh,addr
2630487575,city,Pittsburgh,addr
2630518712,city,Pittsburgh,addr
2630584248,city,Pittsburgh,addr
2630594529,city,Pittsburgh,addr
2630720773,name,CVS Pharmacy,unspecified
2631688095,name,Salim's Middle Eastern Food,unspecified
2632077692,source,bing,unspecified
2634770638,highway,crossing,unspecified
2635419400,name,West Hills Nissan,unspecified
2635604001,name,McKinney's Furniture,unspecified
2643047804,highway,turning_circle,unspecified
2645110458,highway,turning_circle,unspecified
2648800929,highway,turning_circle,unspecified
2649082321,city,Pittsburgh,addr
2652804001,stop,all,unspecified
2671470038,highway,turning_circle,unspecified
2672735297,highway,crossing,unspecified
2682525629,name,North Versailles Playground,unspecified
2683779508,source,bing,unspecified
2686410335,name,Clean town,unspecified
2687850646,highway,traffic_signals,unspecified
2689529998,highway,traffic_signals,unspecified
2689852198,name,Shop N Save,unspecified
2698557550,highway,traffic_signals,unspecified
2699271502,name,Hillcrest Beer Distributor,unspecified
2702510657,name,Tennis Village,unspecified
2702554236,highway,traffic_signals,unspecified
2710170995,amenity,restaurant,unspecified
2711165017,highway,turning_circle,unspecified
2724726473,source,https://tools.usps.com/go/POLocatorAction.action,unspecified
2771202375,name,Starbucks ,unspecified
2778220854,name,Mc Vay Music Center,unspecified
2779870637,name,Callery Fire Department,unspecified
2784778231,name,Beaver Korean War Memorial,unspecified
2795417433,amenity,toilets,unspecified
2825328936,name,Goodwill,unspecified
2831724065,building,house,unspecified
2838855039,building,house,unspecified
2838877223,building,house,unspecified
2838877275,building,house,unspecified
2838886077,building,house,unspecified
2838886674,building,house,unspecified
2838907503,building,house,unspecified
2840053086,building,house,unspecified
2840054399,building,house,unspecified
2840055611,building,house,unspecified
2840076394,building,house,unspecified
2840925175,building,house,unspecified
2840927242,building,house,unspecified
2840957883,building,house,unspecified
2840958542,building,house,unspecified
2840969172,street,Delafield Road,addr
2840975070,building,house,unspecified
2840979947,building,house,unspecified
2840991456,building,house,unspecified
2840996410,building,house,unspecified
2840996477,building,house,unspecified
2840998739,building,house,unspecified
2840998836,building,house,unspecified
2841006407,building,house,unspecified
2841008495,building,house,unspecified
2841011326,building,house,unspecified
2841012826,building,house,unspecified
2841013850,building,house,unspecified
2841015068,building,house,unspecified
2841015273,building,house,unspecified
2841015853,building,house,unspecified
2841024654,building,house,unspecified
2841028723,building,house,unspecified
2841029386,building,house,unspecified
2841029841,building,house,unspecified
2841033773,building,house,unspecified
2841036301,building,house,unspecified
2841036357,building,house,unspecified
2841036407,building,house,unspecified
2841036473,building,house,unspecified
2841036534,building,house,unspecified
2841036592,building,house,unspecified
2841041689,building,house,unspecified
2841041743,building,house,unspecified
2841043794,building,house,unspecified
2841043933,building,house,unspecified
2841044001,building,house,unspecified
2841044804,building,house,unspecified
2841044868,building,house,unspecified
2841045970,building,house,unspecified
2841046300,building,house,unspecified
2841047059,building,house,unspecified
2841047415,building,house,unspecified
2841047478,building,house,unspecified
2841047527,building,house,unspecified
2841048462,building,house,unspecified
2841051360,building,house,unspecified
2841052114,building,house,unspecified
2841052834,building,house,unspecified
2841061293,building,house,unspecified
2841062412,building,house,unspecified
2841062467,building,house,unspecified
2841062522,building,house,unspecified
2841063543,building,house,unspecified
2841064304,building,house,unspecified
2841064376,building,house,unspecified
2841064424,building,house,unspecified
2841064510,building,house,unspecified
2841064560,building,house,unspecified
2841064623,building,house,unspecified
2841064683,building,house,unspecified
2841075803,building,house,unspecified
2841075870,building,house,unspecified
2841075924,building,house,unspecified
2841075983,building,house,unspecified
2841076045,building,house,unspecified
2841076096,building,house,unspecified
2841076149,building,house,unspecified
2841076202,building,house,unspecified
2841076262,building,house,unspecified
2841076326,building,house,unspecified
2841076384,building,house,unspecified
2841076449,building,house,unspecified
2841076609,building,house,unspecified
2841076663,building,house,unspecified
2841076737,building,house,unspecified
2841076803,building,house,unspecified
2841076877,building,house,unspecified
2841076937,building,house,unspecified
2841077000,building,house,unspecified
2841077165,building,house,unspecified
2841077426,building,house,unspecified
2841077488,building,house,unspecified
2841077548,building,house,unspecified
2841077614,building,house,unspecified
2841077664,building,house,unspecified
2841077727,building,house,unspecified
2841077783,building,house,unspecified
2841077835,building,house,unspecified
2841077911,building,house,unspecified
2841077967,street,Potomac Avenue,addr
2841078028,building,house,unspecified
2841078084,building,house,unspecified
2841078329,building,house,unspecified
2841078409,building,house,unspecified
2841078469,building,house,unspecified
2841078532,building,house,unspecified
2841078591,building,house,unspecified
2841078855,building,house,unspecified
2841078925,building,house,unspecified
2841078985,building,house,unspecified
2841079049,building,house,unspecified
2841079105,building,house,unspecified
2841079165,building,house,unspecified
2841079436,building,house,unspecified
2841079488,building,house,unspecified
2841079651,building,house,unspecified
2841079724,building,house,unspecified
2841079784,building,house,unspecified
2841079838,building,house,unspecified
2841079902,building,house,unspecified
2841079969,building,house,unspecified
2841080017,building,house,unspecified
2841080083,building,house,unspecified
2841080138,building,house,unspecified
2841080199,building,house,unspecified
2841080260,building,house,unspecified
2841080317,building,house,unspecified
2841080369,building,house,unspecified
2841080438,building,house,unspecified
2841080489,building,house,unspecified
2841080549,building,house,unspecified
2841080717,building,house,unspecified
2841080771,building,house,unspecified
2841080830,building,house,unspecified
2841080889,building,house,unspecified
2841080947,building,house,unspecified
2841081004,building,house,unspecified
2841081061,building,house,unspecified
2841081105,building,house,unspecified
2841081157,building,house,unspecified
2841081221,building,house,unspecified
2841081277,building,house,unspecified
2841081346,building,house,unspecified
2841081412,building,house,unspecified
2841081467,building,house,unspecified
2841081532,building,house,unspecified
2841081595,building,house,unspecified
2841081654,building,house,unspecified
2841081710,building,house,unspecified
2841081770,building,house,unspecified
2841081824,building,house,unspecified
2841081885,building,house,unspecified
2841081937,building,house,unspecified
2841082004,building,house,unspecified
2841082070,building,house,unspecified
2841082131,building,house,unspecified
2841082195,building,house,unspecified
2841082371,building,house,unspecified
2841082422,building,house,unspecified
2841082483,building,house,unspecified
2841082538,building,house,unspecified
2841082588,building,house,unspecified
2841082742,building,house,unspecified
2841082794,building,house,unspecified
2841082851,building,house,unspecified
2841083016,building,house,unspecified
2841083068,building,house,unspecified
2841083132,building,house,unspecified
2841083195,building,house,unspecified
2841083258,street,Glenmore Avenue,addr
2841083328,building,house,unspecified
2841083396,building,house,unspecified
2841083456,building,house,unspecified
2841083719,building,house,unspecified
2841083791,building,house,unspecified
2841083864,building,house,unspecified
2841083920,building,house,unspecified
2841083973,building,house,unspecified
2841084044,building,house,unspecified
2841084097,name,Scoops On Beverly,unspecified
2841084154,building,house,unspecified
2841084234,building,house,unspecified
2841084423,building,house,unspecified
2841084481,building,house,unspecified
2841084564,building,house,unspecified
2841084635,building,house,unspecified
2841084691,building,house,unspecified
2841084756,building,house,unspecified
2841084824,building,house,unspecified
2841084892,building,house,unspecified
2841084946,building,house,unspecified
2841085004,building,house,unspecified
2841085070,building,house,unspecified
2841085128,building,house,unspecified
2841085188,building,house,unspecified
2841085355,building,house,unspecified
2841085413,building,house,unspecified
2841085465,building,house,unspecified
2841085523,building,house,unspecified
2841085581,building,house,unspecified
2841085646,building,house,unspecified
2841085807,building,house,unspecified
2841085875,building,house,unspecified
2841085926,building,house,unspecified
2841085991,building,house,unspecified
2841086057,building,house,unspecified
2841086121,building,house,unspecified
2841086185,building,house,unspecified
2841086238,building,house,unspecified
2841125787,building,house,unspecified
2841126160,building,house,unspecified
2841126211,building,house,unspecified
2841126284,building,house,unspecified
2841126346,building,house,unspecified
2841126408,building,house,unspecified
2841126461,building,house,unspecified
2841126526,building,house,unspecified
2841126581,building,house,unspecified
2841126642,building,house,unspecified
2841126704,building,house,unspecified
2841126764,building,house,unspecified
2841126919,building,house,unspecified
2841126978,building,house,unspecified
2841127233,building,house,unspecified
2841127292,building,house,unspecified
2841127451,building,house,unspecified
2841127507,building,house,unspecified
2841127591,building,house,unspecified
2841129451,building,house,unspecified
2841129511,building,house,unspecified
2841129562,building,house,unspecified
2841129614,building,house,unspecified
2841129675,building,house,unspecified
2841129730,building,house,unspecified
2841129799,building,house,unspecified
2841129858,building,house,unspecified
2841129908,building,house,unspecified
2841129959,building,house,unspecified
2841130025,building,house,unspecified
2841130085,building,house,unspecified
2841130245,building,house,unspecified
2841130306,building,house,unspecified
2841130366,building,house,unspecified
2841132007,building,house,unspecified
2841132069,building,house,unspecified
2841132221,building,house,unspecified
2841132279,building,house,unspecified
2841132651,building,house,unspecified
2841132915,building,house,unspecified
2841132975,building,house,unspecified
2841133030,building,house,unspecified
2841133096,building,house,unspecified
2841133165,building,house,unspecified
2841133224,building,house,unspecified
2841133286,building,house,unspecified
2841133348,building,house,unspecified
2841133416,building,house,unspecified
2841133492,building,house,unspecified
2841133545,building,house,unspecified
2841134733,building,house,unspecified
2841134803,building,house,unspecified
2841134867,building,house,unspecified
2841134918,building,house,unspecified
2841134980,building,house,unspecified
2841135041,building,house,unspecified
2841135102,building,house,unspecified
2841135156,building,house,unspecified
2841135208,building,house,unspecified
2841135268,building,house,unspecified
2841135341,building,house,unspecified
2841135404,building,house,unspecified
2841135459,building,house,unspecified
2841135723,building,house,unspecified
2841135779,building,house,unspecified
2841136035,building,house,unspecified
2841136517,building,house,unspecified
2841136577,building,house,unspecified
2841136937,building,house,unspecified
2841136991,building,house,unspecified
2841137844,building,house,unspecified
2841137899,building,house,unspecified
2841138062,building,house,unspecified
2841138114,building,house,unspecified
2841138170,building,house,unspecified
2841138226,building,house,unspecified
2841138281,building,house,unspecified
2841138336,building,house,unspecified
2841138394,building,house,unspecified
2841138461,building,house,unspecified
2841138529,building,house,unspecified
2841138583,building,house,unspecified
2841138641,building,house,unspecified
2841138695,building,house,unspecified
2841139008,building,house,unspecified
2841139070,building,house,unspecified
2841139125,building,house,unspecified
2841139191,building,house,unspecified
2841139249,building,house,unspecified
2841139309,building,house,unspecified
2841139363,building,house,unspecified
2841139624,building,house,unspecified
2841139680,building,house,unspecified
2841139729,building,house,unspecified
2841139794,building,house,unspecified
2841139856,building,house,unspecified
2841140025,building,house,unspecified
2841140078,building,house,unspecified
2841140234,building,house,unspecified
2841140296,building,house,unspecified
2841140350,building,house,unspecified
2841140588,building,house,unspecified
2841141646,building,house,unspecified
2841141701,building,house,unspecified
2841141773,building,house,unspecified
2841141826,building,house,unspecified
2841141884,building,house,unspecified
2841141932,building,house,unspecified
2841142002,building,house,unspecified
2841142057,building,house,unspecified
2841142113,building,house,unspecified
2841142169,building,house,unspecified
2841142331,building,house,unspecified
2841142397,building,house,unspecified
2841142465,building,house,unspecified
2841142517,building,house,unspecified
2841142569,building,house,unspecified
2841142625,building,house,unspecified
2841146589,building,house,unspecified
2841146650,building,house,unspecified
2841146719,building,house,unspecified
2841146783,building,house,unspecified
2841146845,building,house,unspecified
2841146905,building,house,unspecified
2841146967,building,house,unspecified
2841147037,building,house,unspecified
2841147104,building,house,unspecified
2841147157,building,house,unspecified
2841147422,building,house,unspecified
2841147478,building,house,unspecified
2841147547,building,house,unspecified
2841147604,building,house,unspecified
2841147661,building,house,unspecified
2841147928,building,house,unspecified
2841148041,building,house,unspecified
2841148098,building,house,unspecified
2841148256,building,house,unspecified
2841148377,building,house,unspecified
2841148429,building,house,unspecified
2841148499,building,house,unspecified
2841148559,building,house,unspecified
2841148621,building,house,unspecified
2841148678,building,house,unspecified
2841148728,building,house,unspecified
2841148790,building,house,unspecified
2841148939,building,house,unspecified
2841148992,building,house,unspecified
2841149050,building,house,unspecified
2841149110,building,house,unspecified
2841149169,building,house,unspecified
2841149233,building,house,unspecified
2841149302,building,house,unspecified
2841149367,building,house,unspecified
2841149623,building,house,unspecified
2841154709,building,house,unspecified
2841154769,building,house,unspecified
2841154836,building,house,unspecified
2841154902,building,house,unspecified
2841154961,building,house,unspecified
2841155027,building,house,unspecified
2841155088,building,house,unspecified
2841155154,building,house,unspecified
2841155235,building,house,unspecified
2841155306,building,house,unspecified
2841155371,building,house,unspecified
2841155427,building,house,unspecified
2841155501,building,house,unspecified
2841155566,building,house,unspecified
2841155631,building,house,unspecified
2841156310,building,house,unspecified
2841156374,building,house,unspecified
2841156530,building,house,unspecified
2841156589,building,house,unspecified
2841156742,building,house,unspecified
2841156801,building,house,unspecified
2841156865,building,house,unspecified
2841156929,building,house,unspecified
2841156982,building,house,unspecified
2841157040,building,house,unspecified
2841157099,building,house,unspecified
2841157178,building,house,unspecified
2841157337,building,house,unspecified
2841157381,building,house,unspecified
2841157439,building,house,unspecified
2841157748,building,house,unspecified
2841157808,building,house,unspecified
2841157875,building,house,unspecified
2841157932,building,house,unspecified
2841157982,building,house,unspecified
2841158050,building,house,unspecified
2841158112,building,house,unspecified
2841158167,building,house,unspecified
2841158229,building,house,unspecified
2841158294,building,house,unspecified
2841158357,building,house,unspecified
2841158417,building,house,unspecified
2841158470,building,house,unspecified
2841158740,building,house,unspecified
2841158940,building,house,unspecified
2841159302,building,house,unspecified
2841159364,building,house,unspecified
2841160242,building,house,unspecified
2841160295,building,house,unspecified
2841160348,building,house,unspecified
2841160413,building,house,unspecified
2841160477,building,house,unspecified
2841160536,building,house,unspecified
2841160590,building,house,unspecified
2841160751,building,house,unspecified
2841160809,building,house,unspecified
2841160876,building,house,unspecified
2841160931,building,house,unspecified
2841160989,building,house,unspecified
2841161052,building,house,unspecified
2841161112,building,house,unspecified
2841161189,building,house,unspecified
2841161251,building,house,unspecified
2841161316,building,house,unspecified
2841161864,building,house,unspecified
2841161925,building,house,unspecified
2841161995,building,house,unspecified
2841162160,building,house,unspecified
2841162215,building,house,unspecified
2841162276,building,house,unspecified
2841162323,building,house,unspecified
2841162384,building,house,unspecified
2841162444,building,house,unspecified
2841162497,building,house,unspecified
2841162663,building,house,unspecified
2841162717,building,house,unspecified
2841162780,building,house,unspecified
2841162841,building,house,unspecified
2841162902,building,house,unspecified
2841164436,building,house,unspecified
2841164500,building,house,unspecified
2841164558,building,house,unspecified
2841164611,building,house,unspecified
2841164670,building,house,unspecified
2841164719,building,house,unspecified
2841164778,building,house,unspecified
2841164843,building,house,unspecified
2841164898,building,house,unspecified
2841165052,building,house,unspecified
2841165120,building,house,unspecified
2841165174,building,house,unspecified
2841165221,building,house,unspecified
2841165272,building,house,unspecified
2841165333,building,house,unspecified
2841174217,building,house,unspecified
2841174277,building,house,unspecified
2841174436,building,house,unspecified
2841174561,building,house,unspecified
2841174627,building,house,unspecified
2841174698,building,house,unspecified
2841174762,building,house,unspecified
2841174812,building,house,unspecified
2841174879,building,house,unspecified
2841174942,building,house,unspecified
2841174991,building,house,unspecified
2841175048,building,house,unspecified
2841175111,building,house,unspecified
2841175170,building,house,unspecified
2841175241,building,house,unspecified
2841175405,building,house,unspecified
2841175475,building,house,unspecified
2841175537,building,house,unspecified
2841175607,building,house,unspecified
2841175664,building,house,unspecified
2841175723,building,house,unspecified
2841175781,building,house,unspecified
2841176006,building,house,unspecified
2841176055,building,house,unspecified
2841176123,building,house,unspecified
2841176184,building,house,unspecified
2841176349,building,house,unspecified
2841176409,building,house,unspecified
2841176472,building,house,unspecified
2841176525,building,house,unspecified
2841176590,building,house,unspecified
2841176661,building,house,unspecified
2841176711,building,house,unspecified
2841176778,building,house,unspecified
2841176927,building,house,unspecified
2841176993,building,house,unspecified
2841177055,building,house,unspecified
2841177107,building,house,unspecified
2841177176,building,house,unspecified
2841177246,building,house,unspecified
2841177403,building,house,unspecified
2841177463,building,house,unspecified
2841177626,building,house,unspecified
2841177685,building,house,unspecified
2841177768,building,house,unspecified
2841177930,building,house,unspecified
2841178006,building,house,unspecified
2841178062,building,house,unspecified
2841178132,building,house,unspecified
2841178196,building,house,unspecified
2841178265,building,house,unspecified
2841178326,building,house,unspecified
2841178392,building,house,unspecified
2841178460,building,house,unspecified
2841178530,building,house,unspecified
2841178597,building,house,unspecified
2841178860,building,house,unspecified
2841179329,building,house,unspecified
2841179397,building,house,unspecified
2841179566,building,house,unspecified
2841179632,building,house,unspecified
2841179693,building,house,unspecified
2841180596,building,house,unspecified
2841180859,building,house,unspecified
2841180922,building,house,unspecified
2841180976,building,house,unspecified
2841181037,building,house,unspecified
2841181095,building,house,unspecified
2841181264,building,house,unspecified
2841181433,building,house,unspecified
2841181499,building,house,unspecified
2841181586,building,house,unspecified
2841181642,building,house,unspecified
2841181908,building,house,unspecified
2841181968,building,house,unspecified
2841182024,building,house,unspecified
2841182084,building,house,unspecified
2841182280,building,house,unspecified
2841182745,building,house,unspecified
2841182814,building,house,unspecified
2841182886,building,house,unspecified
2841183346,building,house,unspecified
2841183508,building,house,unspecified
2841183571,building,house,unspecified
2841183640,building,house,unspecified
2841183692,building,house,unspecified
2841183746,building,house,unspecified
2841183883,building,house,unspecified
2841183952,building,house,unspecified
2841184206,building,house,unspecified
2841184252,building,house,unspecified
2841184297,building,house,unspecified
2841185754,building,house,unspecified
2841186521,building,house,unspecified
2841186573,building,house,unspecified
2841186634,building,house,unspecified
2841186695,building,house,unspecified
2841187046,building,house,unspecified
2841187414,building,house,unspecified
2841187476,building,house,unspecified
2841187843,building,house,unspecified
2841188407,building,house,unspecified
2841188469,building,house,unspecified
2841188730,building,house,unspecified
2841188788,building,house,unspecified
2841189063,building,house,unspecified
2841189427,building,house,unspecified
2841189485,building,house,unspecified
2841189780,building,house,unspecified
2841191253,building,house,unspecified
2841191313,building,house,unspecified
2841191368,building,house,unspecified
2841191442,building,house,unspecified
2841191494,building,house,unspecified
2841191659,building,house,unspecified
2841191818,building,house,unspecified
2841191883,building,house,unspecified
2841192041,building,house,unspecified
2841192099,building,house,unspecified
2841192158,building,house,unspecified
2841192220,building,house,unspecified
2841192283,building,house,unspecified
2841192335,building,house,unspecified
2841192396,building,house,unspecified
2841192453,building,house,unspecified
2841192543,building,house,unspecified
2841192596,building,house,unspecified
2841192657,building,house,unspecified
2841192713,building,house,unspecified
2841192773,building,house,unspecified
2841192834,building,house,unspecified
2841192897,building,house,unspecified
2841192966,building,house,unspecified
2841193020,building,house,unspecified
2841193074,building,house,unspecified
2841193132,building,house,unspecified
2841193184,building,house,unspecified
2841193296,building,house,unspecified
2841193354,building,house,unspecified
2841193412,building,house,unspecified
2841193469,building,house,unspecified
2841193529,building,house,unspecified
2841193578,building,house,unspecified
2841194131,building,house,unspecified
2841194195,building,house,unspecified
2841194251,building,house,unspecified
2841194313,building,house,unspecified
2841194375,building,house,unspecified
2841194636,building,house,unspecified
2841194695,building,house,unspecified
2841194956,building,house,unspecified
2841195078,building,house,unspecified
2841195128,building,house,unspecified
2841195182,building,house,unspecified
2841195232,building,house,unspecified
2841195304,building,house,unspecified
2841195364,building,house,unspecified
2841195415,building,house,unspecified
2841195483,building,house,unspecified
2841195537,building,house,unspecified
2841195868,building,house,unspecified
2841195937,building,house,unspecified
2841195986,building,house,unspecified
2841196043,building,house,unspecified
2841196092,building,house,unspecified
2841196158,building,house,unspecified
2841196215,building,house,unspecified
2841196282,building,house,unspecified
2841196335,building,house,unspecified
2841196393,building,house,unspecified
2841196741,building,house,unspecified
2841196808,building,house,unspecified
2841196873,building,house,unspecified
2841196940,building,house,unspecified
2841197001,building,house,unspecified
2841197085,building,house,unspecified
2841197647,building,house,unspecified
2841197708,building,house,unspecified
2841197777,building,house,unspecified
2841197847,building,house,unspecified
2841197905,building,house,unspecified
2841197962,building,house,unspecified
2841198022,building,house,unspecified
2841198086,building,house,unspecified
2841198162,building,house,unspecified
2841198327,building,house,unspecified
2841198381,building,house,unspecified
2841198539,building,house,unspecified
2841198602,building,house,unspecified
2841198664,building,house,unspecified
2843261261,building,house,unspecified
2843265216,building,house,unspecified
2843265272,building,house,unspecified
2843265339,building,house,unspecified
2843266307,building,house,unspecified
2843266364,building,house,unspecified
2843266419,building,house,unspecified
2843266493,building,house,unspecified
2843266760,building,house,unspecified
2843266985,building,house,unspecified
2843267219,building,house,unspecified
2843267272,building,house,unspecified
2843267330,building,house,unspecified
2843267387,building,house,unspecified
2843267551,building,house,unspecified
2843267619,building,house,unspecified
2843268798,building,house,unspecified
2843269774,building,house,unspecified
2843270032,building,house,unspecified
2843270504,building,house,unspecified
2843270564,building,house,unspecified
2843270620,building,house,unspecified
2843270675,building,house,unspecified
2843270727,building,house,unspecified
2843270787,building,house,unspecified
2843271040,building,house,unspecified
2843271094,building,house,unspecified
2843271167,building,house,unspecified
2843271244,building,house,unspecified
2843271306,building,house,unspecified
2843271367,building,house,unspecified
2843271431,building,house,unspecified
2843271481,building,house,unspecified
2843271540,building,house,unspecified
2843271600,building,house,unspecified
2843271657,building,house,unspecified
2843271724,building,house,unspecified
2843271800,building,house,unspecified
2843271861,building,house,unspecified
2843271922,building,house,unspecified
2843271980,building,house,unspecified
2843272088,building,house,unspecified
2843272153,building,house,unspecified
2843272213,building,house,unspecified
2843272276,building,house,unspecified
2843276547,building,house,unspecified
2843276905,building,house,unspecified
2843276956,building,house,unspecified
2843277213,building,house,unspecified
2843277278,building,house,unspecified
2843277641,building,house,unspecified
2843278004,building,house,unspecified
2843293478,building,house,unspecified
2843306020,building,house,unspecified
2843306069,building,house,unspecified
2843306124,building,house,unspecified
2843306180,building,house,unspecified
2843306240,building,house,unspecified
2843306302,building,house,unspecified
2843306360,building,house,unspecified
2843306424,building,house,unspecified
2843306487,building,house,unspecified
2843306539,building,house,unspecified
2843306609,building,house,unspecified
2843306670,building,house,unspecified
2843306728,building,house,unspecified
2843306902,building,house,unspecified
2843306955,building,house,unspecified
2843307108,building,house,unspecified
2843307179,building,house,unspecified
2843307258,building,house,unspecified
2843307416,building,house,unspecified
2843307484,building,house,unspecified
2843307540,building,house,unspecified
2843307592,building,house,unspecified
2843307655,building,house,unspecified
2843307810,building,house,unspecified
2843307862,building,house,unspecified
2843307920,building,house,unspecified
2843307973,building,house,unspecified
2843308022,building,house,unspecified
2843308083,building,house,unspecified
2843308143,building,house,unspecified
2843308193,building,house,unspecified
2843308252,building,house,unspecified
2843308310,building,house,unspecified
2843308374,building,house,unspecified
2843308436,building,house,unspecified
2843308502,building,house,unspecified
2843308560,building,house,unspecified
2843308608,building,house,unspecified
2843308667,building,house,unspecified
2843308730,building,house,unspecified
2843308784,building,house,unspecified
2843308838,building,house,unspecified
2843308900,building,house,unspecified
2843308968,building,house,unspecified
2843309025,building,house,unspecified
2843309090,building,house,unspecified
2843309146,building,house,unspecified
2843309206,building,house,unspecified
2843309269,building,house,unspecified
2843309320,building,house,unspecified
2843309380,building,house,unspecified
2843309426,building,house,unspecified
2843309475,building,house,unspecified
2843309601,building,house,unspecified
2843309658,building,house,unspecified
2843309818,building,house,unspecified
2843309868,building,house,unspecified
2843309925,building,house,unspecified
2843309982,building,house,unspecified
2843310243,building,house,unspecified
2843310304,building,house,unspecified
2843310375,building,house,unspecified
2843310439,building,house,unspecified
2843310491,building,house,unspecified
2843310550,building,house,unspecified
2843310626,building,house,unspecified
2843310690,building,house,unspecified
2843310842,building,house,unspecified
2843310916,building,house,unspecified
2843310985,building,house,unspecified
2843311043,building,house,unspecified
2843311100,building,house,unspecified
2843311159,building,house,unspecified
2843311219,building,house,unspecified
2843311275,building,house,unspecified
2843311435,building,house,unspecified
2843311498,building,house,unspecified
2843311563,building,house,unspecified
2843311636,building,house,unspecified
2843311688,building,house,unspecified
2843311754,building,house,unspecified
2843311817,building,house,unspecified
2843311882,building,house,unspecified
2843311946,building,house,unspecified
2843312110,building,house,unspecified
2843312182,building,house,unspecified
2843312249,building,house,unspecified
2843312317,building,house,unspecified
2843312380,building,house,unspecified
2843312439,building,house,unspecified
2843312613,building,house,unspecified
2843312687,building,house,unspecified
2843312748,building,house,unspecified
2843312811,building,house,unspecified
2843312868,building,house,unspecified
2843312923,building,house,unspecified
2843312977,building,house,unspecified
2843313038,building,house,unspecified
2843314783,building,house,unspecified
2843314851,building,house,unspecified
2843314919,building,house,unspecified
2843314982,building,house,unspecified
2843315035,building,house,unspecified
2843315088,building,house,unspecified
2843316464,building,house,unspecified
2843320007,building,house,unspecified
2843320075,building,house,unspecified
2843320327,building,house,unspecified
2843320390,building,house,unspecified
2843320445,building,house,unspecified
2843320517,building,house,unspecified
2843320580,building,house,unspecified
2843320809,building,house,unspecified
2843320871,building,house,unspecified
2843320936,building,house,unspecified
2843320987,building,house,unspecified
2843321049,building,house,unspecified
2843321111,building,house,unspecified
2843321167,building,house,unspecified
2843321235,building,house,unspecified
2843321290,building,house,unspecified
2843321353,building,house,unspecified
2843321426,building,house,unspecified
2843321489,building,house,unspecified
2843321549,building,house,unspecified
2843321604,building,house,unspecified
2843321670,building,house,unspecified
2843321728,building,house,unspecified
2843321778,building,house,unspecified
2843321847,building,house,unspecified
2843321906,building,house,unspecified
2843321961,building,house,unspecified
2843322017,building,house,unspecified
2843322084,building,house,unspecified
2843322140,building,house,unspecified
2843322188,building,house,unspecified
2843322251,building,house,unspecified
2843322407,building,house,unspecified
2843322460,building,house,unspecified
2843322620,building,house,unspecified
2843322683,building,house,unspecified
2843322738,building,house,unspecified
2843322799,building,house,unspecified
2843322861,building,house,unspecified
2843322935,building,house,unspecified
2843323101,building,house,unspecified
2843323157,building,house,unspecified
2843323218,building,house,unspecified
2843323270,building,house,unspecified
2843323340,building,house,unspecified
2843323397,building,house,unspecified
2843323454,building,house,unspecified
2843323510,building,house,unspecified
2843323565,building,house,unspecified
2843323619,building,house,unspecified
2843323742,building,house,unspecified
2843323799,building,house,unspecified
2843323856,building,house,unspecified
2843325920,building,house,unspecified
2843325970,building,house,unspecified
2843326024,building,house,unspecified
2843326092,building,house,unspecified
2843326157,building,house,unspecified
2843326212,building,house,unspecified
2843326268,building,house,unspecified
2843326329,building,house,unspecified
2843326379,building,house,unspecified
2843326428,building,house,unspecified
2843326494,building,house,unspecified
2843326647,building,house,unspecified
2843326695,building,house,unspecified
2843326847,building,house,unspecified
2843326912,building,house,unspecified
2843326977,building,house,unspecified
2843327033,building,house,unspecified
2843327194,building,house,unspecified
2843327449,building,house,unspecified
2843327517,building,house,unspecified
2843327571,building,house,unspecified
2843327629,building,house,unspecified
2843327688,building,house,unspecified
2843327751,building,house,unspecified
2843327804,building,house,unspecified
2843327862,building,house,unspecified
2843327924,building,house,unspecified
2843327986,building,house,unspecified
2843328052,building,house,unspecified
2843328414,building,house,unspecified
2843328465,building,house,unspecified
2843328837,building,house,unspecified
2843329401,building,house,unspecified
2843329463,building,house,unspecified
2843330513,building,house,unspecified
2843330580,building,house,unspecified
2843330838,building,house,unspecified
2843331102,building,house,unspecified
2843331162,building,house,unspecified
2843331330,building,house,unspecified
2843331382,building,house,unspecified
2843331448,building,house,unspecified
2843331508,building,house,unspecified
2843331568,building,house,unspecified
2843331628,building,house,unspecified
2843331694,building,house,unspecified
2843331754,building,house,unspecified
2843331813,building,house,unspecified
2843331875,building,house,unspecified
2843331944,building,house,unspecified
2843332113,building,house,unspecified
2843332176,building,house,unspecified
2843332236,building,house,unspecified
2843332305,building,house,unspecified
2843332366,building,house,unspecified
2843332427,building,house,unspecified
2843332488,building,house,unspecified
2843332546,building,house,unspecified
2843332611,building,house,unspecified
2843332675,building,house,unspecified
2843332730,building,house,unspecified
2843332786,building,house,unspecified
2843332838,building,house,unspecified
2843332894,building,house,unspecified
2843332952,building,house,unspecified
2843333020,building,house,unspecified
2843333595,building,house,unspecified
2843333765,building,house,unspecified
2843333920,building,house,unspecified
2843333988,building,house,unspecified
2843334053,building,house,unspecified
2843334104,building,house,unspecified
2843334161,building,house,unspecified
2843334227,building,house,unspecified
2843334280,building,house,unspecified
2843334437,building,house,unspecified
2843334496,building,house,unspecified
2843334554,building,house,unspecified
2843334611,building,house,unspecified
2843334675,building,house,unspecified
2843334741,building,house,unspecified
2843334805,building,house,unspecified
2843334911,building,house,unspecified
2843334962,building,house,unspecified
2843335025,building,house,unspecified
2843335075,building,house,unspecified
2843335331,building,house,unspecified
2843335395,building,house,unspecified
2843335455,building,house,unspecified
2843335610,building,house,unspecified
2843335675,building,house,unspecified
2843335743,building,house,unspecified
2843335805,building,house,unspecified
2843335861,building,house,unspecified
2843335925,building,house,unspecified
2843335997,building,house,unspecified
2843336055,building,house,unspecified
2843336122,building,house,unspecified
2843336984,building,house,unspecified
2843337145,building,house,unspecified
2843337207,building,house,unspecified
2843337260,building,house,unspecified
2843337316,building,house,unspecified
2843337379,building,house,unspecified
2843337457,building,house,unspecified
2843337519,building,house,unspecified
2843337575,building,house,unspecified
2843337629,building,house,unspecified
2843337686,building,house,unspecified
2843337749,building,house,unspecified
2843337919,building,house,unspecified
2843337971,building,house,unspecified
2843338126,building,house,unspecified
2843338191,building,house,unspecified
2843338347,building,house,unspecified
2843339655,building,house,unspecified
2843340321,building,house,unspecified
2843340385,building,house,unspecified
2843340452,building,house,unspecified
2843340506,building,house,unspecified
2843340556,building,house,unspecified
2843340626,building,house,unspecified
2843340687,building,house,unspecified
2843340838,building,house,unspecified
2843340894,building,house,unspecified
2843341071,building,house,unspecified
2843341226,building,house,unspecified
2843341284,building,house,unspecified
2843341337,building,house,unspecified
2843341394,building,house,unspecified
2843341847,building,house,unspecified
2843342033,building,house,unspecified
2843342450,building,house,unspecified
2843343014,building,house,unspecified
2843343161,building,house,unspecified
2843343504,building,house,unspecified
2843343861,building,house,unspecified
2843344121,building,house,unspecified
2843344770,building,house,unspecified
2843344815,building,house,unspecified
2843345031,building,house,unspecified
2843345088,building,house,unspecified
2843345323,building,house,unspecified
2843345387,building,house,unspecified
2843346123,building,house,unspecified
2843346188,building,house,unspecified
2843346246,building,house,unspecified
2843346304,building,house,unspecified
2843346352,building,house,unspecified
2843346402,building,house,unspecified
2843346467,building,house,unspecified
2843346514,building,house,unspecified
2843346577,building,house,unspecified
2843346638,building,house,unspecified
2843348905,building,house,unspecified
2843348954,building,house,unspecified
2843349225,building,house,unspecified
2843349283,building,house,unspecified
2843349548,building,house,unspecified
2843349595,building,house,unspecified
2843349763,building,house,unspecified
2843349824,building,house,unspecified
2843349895,building,house,unspecified
2843349985,building,house,unspecified
2843350040,building,house,unspecified
2843350103,building,house,unspecified
2843352213,building,house,unspecified
2843352270,building,house,unspecified
2843352540,building,house,unspecified
2843352856,building,house,unspecified
2843353006,building,house,unspecified
2843353069,building,house,unspecified
2843353133,building,house,unspecified
2843353198,building,house,unspecified
2843353255,building,house,unspecified
2843353301,building,house,unspecified
2843353355,building,house,unspecified
2843353421,building,house,unspecified
2843356400,building,house,unspecified
2843356965,building,house,unspecified
2843357028,building,house,unspecified
2843357076,building,house,unspecified
2843357138,building,house,unspecified
2843357192,building,house,unspecified
2843357254,building,house,unspecified
2843357315,building,house,unspecified
2843357376,building,house,unspecified
2843357437,building,house,unspecified
2843357489,building,house,unspecified
2843357639,building,house,unspecified
2843357692,building,house,unspecified
2843357749,building,house,unspecified
2843357914,building,house,unspecified
2843357973,building,house,unspecified
2843358230,building,house,unspecified
2843358526,building,house,unspecified
2843359952,building,house,unspecified
2843360105,building,house,unspecified
2843360220,building,house,unspecified
2843360294,building,house,unspecified
2843360354,building,house,unspecified
2843360412,building,house,unspecified
2843360476,building,house,unspecified
2843360528,building,house,unspecified
2843360593,building,house,unspecified
2843360694,building,house,unspecified
2843360763,building,house,unspecified
2843360830,building,house,unspecified
2843360889,building,house,unspecified
2843361051,building,house,unspecified
2843361115,building,house,unspecified
2843361172,building,house,unspecified
2843361527,building,house,unspecified
2843361584,building,house,unspecified
2843361643,building,house,unspecified
2843361711,building,house,unspecified
2843361769,building,house,unspecified
2843361822,building,house,unspecified
2843361866,building,house,unspecified
2843361927,building,house,unspecified
2843361997,building,house,unspecified
2843362159,building,house,unspecified
2843362327,building,house,unspecified
2843362390,building,house,unspecified
2843362452,building,house,unspecified
2843362512,building,house,unspecified
2843362569,building,house,unspecified
2843362819,building,house,unspecified
2843362882,building,house,unspecified
2843362980,building,house,unspecified
2843363036,building,house,unspecified
2843363202,building,house,unspecified
2843363260,building,house,unspecified
2843363328,building,house,unspecified
2843363395,building,house,unspecified
2843363452,building,house,unspecified
2843363501,building,house,unspecified
2843363551,building,house,unspecified
2843363600,building,house,unspecified
2843363776,building,house,unspecified
2843364047,building,house,unspecified
2843364116,building,house,unspecified
2843364175,building,house,unspecified
2843364231,building,house,unspecified
2843364295,building,house,unspecified
2843364343,building,house,unspecified
2843365038,building,house,unspecified
2843365099,building,house,unspecified
2843365143,building,house,unspecified
2843365192,building,house,unspecified
2843365254,building,house,unspecified
2843365305,building,house,unspecified
2843365360,building,house,unspecified
2843365424,building,house,unspecified
2843365475,building,house,unspecified
2843365541,building,house,unspecified
2843365603,building,house,unspecified
2843365663,building,house,unspecified
2843365721,building,house,unspecified
2843365782,building,house,unspecified
2843365845,building,house,unspecified
2843365912,building,house,unspecified
2843365968,building,house,unspecified
2843366228,building,house,unspecified
2843366289,building,house,unspecified
2843366475,building,house,unspecified
2843366536,building,house,unspecified
2843366601,building,house,unspecified
2844470523,name,Dunning's Grill,unspecified
2924129330,highway,crossing,unspecified
2924129514,highway,turning_circle,unspecified
2938366600,highway,traffic_signals,unspecified
2967149794,source,survey,unspecified
2975201654,highway,turning_circle,unspecified
3002278220,highway,turning_circle,unspecified
3062769252,barrier,gate,unspecified
3068060862,highway,crossing,unspecified
3068060897,highway,crossing,unspecified
3071090445,name,Social,unspecified
3073124810,highway,crossing,unspecified
3074019977,name,La Feria,unspecified
3076463506,railway,level_crossing,unspecified
3084662581,atm,yes,unspecified
3085402772,name,Advance Auto,unspecified
3106008075,power,tower,unspecified
3115119188,name,The UPS Store,unspecified
3116112099,name,Bud Hammer Playground,unspecified
3134792905,amenity,bank,unspecified
3167104176,highway,crossing,unspecified
3167203520,railway,level_crossing,unspecified
3167731685,railway,level_crossing,unspecified
3191299239,ele,363,unspecified
3192430395,source,bing,unspecified
3215296003,source,bing,unspecified
3232410264,power,tower,unspecified
3233736973,highway,turning_loop,unspecified
3235589012,power,pole,unspecified
3235594582,source,bing,unspecified
3245757463,highway,give_way,unspecified
3254247710,support,pier,bridge
3261349493,source,bing,unspecified
3262905218,highway,crossing,unspecified
3275662978,building,entrance,unspecified
3292048397,highway,give_way,unspecified
3306867517,highway,traffic_signals,unspecified
3306867587,highway,crossing,unspecified
3306867622,highway,crossing,unspecified
3311103085,highway,turning_circle,unspecified
3312762840,highway,turning_circle,unspecified
3329360353,ref,A8,unspecified
3329360388,ref,D79,unspecified
3337672045,power,tower,unspecified
3345192359,power,tower,unspecified
3345192394,power,tower,unspecified
3345193466,power,tower,unspecified
3345210211,power,tower,unspecified
3347244935,power,tower,unspecified
3347255732,power,tower,unspecified
3347255767,power,tower,unspecified
3360802020,power,tower,unspecified
3376088150,note,University of Pittsburgh,unspecified
3380801836,power,tower,unspecified
3380802106,power,tower,unspecified
3380802211,power,tower,unspecified
3380802246,power,tower,unspecified
3382660931,source,Bing,unspecified
3383952459,amenity,fuel,unspecified
3384011707,power,tower,unspecified
3384024406,power,tower,unspecified
3386489293,name,Ultimate Salon,unspecified
3391972626,source,bing,unspecified
3391972731,source,bing,unspecified
3393353685,power,pole,unspecified
3422916362,power,pole,unspecified
3428121797,amenity,toilets,unspecified
3452073067,name,LaRosa Mckeesport Boys and Girls Club,unspecified
3460260088,name,Charleroi Area School District Administration Building,unspecified
3470134596,source,bing,unspecified
3500432836,railway,level_crossing,unspecified
3504654945,name,Perrytowne Barbershop,unspecified
3507184115,name,Men's Wearhouse,unspecified
3508945560,power,tower,unspecified
3535146125,highway,crossing,unspecified
3551814650,source,bing,unspecified
3552688718,entrance,yes,unspecified
3561829369,amenity,waste_basket,unspecified
3567344145,historic,monument,unspecified
3569893727,highway,turning_circle,unspecified
3578061214,name,Integrative Staffing Group,unspecified
3616296951,highway,crossing,unspecified
3616297021,highway,crossing,unspecified
3616297091,highway,crossing,unspecified
3616961302,highway,turning_circle,unspecified
3618403042,state,PA,addr
3625642363,highway,turning_circle,unspecified
3634536513,name,Pines Plaza Bowling,unspecified
3641767782,name,Landmark,unspecified
3643302942,name,Greg Jockel,unspecified
3646619206,power,tower,unspecified
3646619241,power,tower,unspecified
3661020150,name,Nationwide Insurance & Financial Services,unspecified
3661993289,name,Pet Supplies Plus,unspecified
3674005858,name,Allentown,unspecified
3687397471,amenity,bench,unspecified
3688284523,source,bing,unspecified
3691425398,name,Big Buck Sport Shop,unspecified
3694256491,railway,level_crossing,unspecified
3695985942,office,lawyer,unspecified
3700434835,highway,crossing,unspecified
3706627872,man_made,communications_tower,unspecified
3714182339,natural,tree,unspecified
3724913102,railway,level_crossing,unspecified
3731910001,name,Anytime Tan,unspecified
3732339979,name,Trail Side Cafe,unspecified
3754574905,note,8th Street Parklet,unspecified
3774636683,highway,crossing,unspecified
3774980874,name,Wine & Spirits,unspecified
3781131243,power,tower,unspecified
3781131778,power,tower,unspecified
3786972732,railway,level_crossing,unspecified
3790657901,amenity,bicycle_parking,unspecified
3797725994,railway,switch,unspecified
3799334347,name,Plank Eye Board Shop,unspecified
3801245381,highway,bus_stop,unspecified
3810425458,highway,bus_stop,unspecified
3818295175,source,bing,unspecified
3820556293,amenity,shelter,unspecified
3823902015,highway,turning_circle,unspecified
3825369872,sport,baseball,unspecified
3826072474,natural,tree,unspecified
3826072509,natural,tree,unspecified
3829453893,name,Belasco,unspecified
3830180599,source,mapbox aerial,unspecified
3832109631,railway,level_crossing,unspecified
3832617250,power,pole,unspecified
3832617368,highway,traffic_signals,unspecified
3833826996,natural,tree,unspecified
3833827031,natural,tree,unspecified
3837794232,name,Consol Energy Research and Development,unspecified
3840094663,indoor,yes,unspecified
3847635230,highway,turning_circle,unspecified
3855646087,name,House of the Dead,unspecified
3855656229,street,Butler Street,addr
3857355683,man_made,water_tower,unspecified
3861221150,man_made,tower,unspecified
3861320087,highway,bus_stop,unspecified
3861736770,name,Wild Card,unspecified
3865719503,highway,crossing,unspecified
3874103960,barrier,gate,unspecified
3886814064,street,Western Avenue,addr
3889819848,amenity,kindergarten,unspecified
3891278986,highway,traffic_signals,unspecified
3894366596,name,Huntington Learning Center,unspecified
3894366631,amenity,waste_basket,unspecified
3902568627,noexit,yes,unspecified
3902575958,highway,stop,unspecified
3905955487,barrier,gate,unspecified
3909424637,name,Super Cuts,unspecified
3910908208,advertising,billboard,unspecified
3922596247,name,Armani Collection,unspecified
3922609282,name,LensCrafters,unspecified
3942113824,man_made,petroleum_well,unspecified
3951263093,man_made,chimney,unspecified
3952891448,railway,level_crossing,unspecified
3958305644,amenity,drinking_water,unspecified
3963253555,sport,baseball,unspecified
3982990523,railway,level_crossing,unspecified
4003482996,highway,crossing,unspecified
4006501017,highway,crossing,unspecified
4020767480,power,tower,unspecified
4020926843,source,bing,unspecified
4020954199,type,buoy_lateral,seamark
4022855901,access,yes,unspecified
4044934066,highway,turning_circle,unspecified
4046179496,name,Subway,unspecified
4058987265,highway,crossing,unspecified
4059472273,barrier,gate,unspecified
4068970955,building,house,unspecified
4069249129,highway,bus_stop,unspecified
4081644940,source,bing,unspecified
4087390838,power,tower,unspecified
4087391008,power,tower,unspecified
4087399316,power,tower,unspecified
4087424838,power,tower,unspecified
4095602840,name,Mansions On Fifth Hotel,unspecified
4119790798,name,Bentleyville Fire Dept,unspecified
4120005720,power,pole,unspecified
4121099711,source,bing,unspecified
4121099886,source,bing,unspecified
4122175378,ref,45,unspecified
4123417870,source,bing,unspecified
4123418205,source,bing,unspecified
4127588602,source,bing,unspecified
4129714829,power,pole,unspecified
4129716339,power,pole,unspecified
4131791307,power,pole,unspecified
4131791587,power,pole,unspecified
4131791622,power,pole,unspecified
4132733673,power,pole,unspecified
4132735064,power,pole,unspecified
4134250182,building,house,unspecified
4134321447,street,Brighton Road,addr
4134487463,source,bing,unspecified
4135493902,power,pole,unspecified
4144106108,power,pole,unspecified
4144271425,source,bing,unspecified
4144271460,source,bing,unspecified
4145503052,source,bing,unspecified
4150370868,name,ACE Hardware,unspecified
4150409211,source,bing,unspecified
4152347734,source,bing,unspecified
4152347769,source,bing,unspecified
4152703838,source,bing,unspecified
4153466236,source,bing,unspecified
4160441645,source,bing,unspecified
4166714652,source,bing,unspecified
4177118442,shop,laundry,unspecified
4186964599,hoops,2,unspecified
4187061839,highway,traffic_signals,unspecified
4193826899,name,Irwin War Memorial,unspecified
4196222910,natural,tree,unspecified
4196222945,historic,memorial,unspecified
4202659856,name,Cheesecake Caffe,unspecified
4211131555,power,generator,unspecified
4222906897,power,tower,unspecified
4229151829,barrier,gate,unspecified
4232341538,name,Larimer School Site (Historic),unspecified
4242048889,source,Bing,unspecified
4242048924,railway,level_crossing,unspecified
4242048959,source,Bing,unspecified
4267339632,amenity,bench,unspecified
4268154035,name,Double Pipe Spring,unspecified
4279218921,name,The Barre Code,unspecified
4286203539,name,Steel Plaza,unspecified
4288008108,highway,crossing,unspecified
4289337990,name,Avalon Alterations,unspecified
4293856652,street,California Avenue,addr
4295304680,highway,crossing,unspecified
4296622817,highway,crossing,unspecified
4297321816,source,bing,unspecified
4297784778,source,bing,unspecified
4301424789,name,Karrie Hlista Designs,unspecified
4301448582,highway,bus_stop,unspecified
4309533262,natural,tree,unspecified
4316301504,city,Verona,addr
4319017050,railway,level_crossing,unspecified
4324219661,highway,bus_stop,unspecified
4324445743,source,bing,unspecified
4324662550,source,bing,unspecified
4324662585,source,bing,unspecified
4324662960,source,bing,unspecified
4324663030,source,bing,unspecified
4328260256,highway,crossing,unspecified
4330043699,street,Center Avenue,addr
4331195619,amenity,toilets,unspecified
4333085355,source,bing,unspecified
4334601206,name,Verizon Store,unspecified
4334616696,name,Aldi's,unspecified
4334631399,name,Convenient Food Mart,unspecified
4340316019,source,bing,unspecified
4340316264,ele,488,unspecified
4348160477,leisure,park,unspecified
4356109546,barrier,bollard,unspecified
4356473502,amenity,vending_machine,unspecified
4356573669,amenity,atm,unspecified
4358019714,amenity,restaurant,unspecified
4358030614,amenity,post_box,unspecified
4368246458,housenumber,3892,addr
4370488333,amenity,bench,unspecified
4378180395,city,Pittsburgh,addr
4382505498,exit,yes,unspecified
4384643175,name,Una Bella,unspecified
4384656028,housenumber,520,addr
4385253201,highway,bus_stop,unspecified
4386102955,amenity,dentist,unspecified
4391351989,support,abutment,bridge
4393431832,building,yes,unspecified
4405806714,housenumber,3551,addr
4406303239,name,Hobby Lobby,unspecified
4410547548,exit,yes,unspecified
4410701426,highway,crossing,unspecified
4410785606,man_made,storage_tank,unspecified
4416841289,housenumber,208,addr
4417732933,name,Catsburg,unspecified
4417911288,city,Penn Hills,addr
